,time,open,high,low,close,volume,currency_volume
0,2021-04-10 21:00:00,65502.0,66198.3,65359.0,66119.0,32324.0,323.24
1,2021-04-10 20:00:00,67180.2,67485.0,64555.1,65514.5,59810.0,598.1
2,2021-04-10 19:00:00,67775.3,67775.3,67180.0,67212.3,28206.0,282.06
3,2021-04-10 18:00:00,67657.9,67812.4,66976.7,67772.6,32108.0,321.08
4,2021-04-10 17:00:00,67901.2,67901.2,67367.5,67665.5,28320.0,283.2
5,2021-04-10 16:00:00,67919.6,68295.2,67675.9,67880.1,31114.0,311.14
6,2021-04-10 15:00:00,68012.8,68091.5,67690.3,67919.7,25832.0,258.32
7,2021-04-10 14:00:00,68019.0,68112.1,67781.9,68010.2,22554.0,225.54
8,2021-04-10 13:00:00,67538.0,68063.4,67454.3,68058.8,31201.0,312.01
9,2021-04-10 12:00:00,68142.1,68441.1,67289.4,67538.1,48933.0,489.33
10,2021-04-10 11:00:00,68228.5,68306.2,68016.6,68129.1,20006.0,200.06
11,2021-04-10 10:00:00,68479.0,68767.2,68118.0,68220.5,28512.0,285.12
12,2021-04-10 09:00:00,68218.3,68497.9,68089.6,68478.1,23252.0,232.52
13,2021-04-10 08:00:00,68257.5,68587.3,68083.4,68196.1,29381.0,293.81
14,2021-04-10 07:00:00,68249.8,68541.8,68047.5,68255.7,38302.0,383.02
15,2021-04-10 06:00:00,68638.5,68815.9,68214.0,68249.8,39965.0,399.65
16,2021-04-10 05:00:00,69162.0,69455.4,68402.6,68634.8,73662.0,736.62
17,2021-04-10 04:00:00,66414.2,69908.8,66414.2,69171.5,169680.0,1696.8
18,2021-04-10 03:00:00,65465.8,66417.3,65438.1,66417.3,60868.0,608.68
19,2021-04-10 02:00:00,64930.2,65462.7,64866.3,65450.8,35586.0,355.86
20,2021-04-10 01:00:00,64388.0,64946.4,64385.1,64920.2,23345.0,233.45
21,2021-04-10 00:00:00,64453.8,64703.6,64160.1,64386.8,23399.0,233.99
22,2021-04-09 23:00:00,64447.8,64523.7,64120.0,64432.5,23446.0,234.46
23,2021-04-09 22:00:00,64849.7,64863.4,64356.7,64432.8,25689.0,256.89
24,2021-04-09 21:00:00,64824.8,65040.0,64791.9,64869.2,18409.0,184.09
25,2021-04-09 20:00:00,64841.3,65109.8,64760.5,64839.6,19391.0,193.91
26,2021-04-09 19:00:00,64822.2,64990.6,64634.0,64832.4,18044.0,180.44
27,2021-04-09 18:00:00,64851.9,64985.4,64641.2,64831.3,23820.0,238.2
28,2021-04-09 17:00:00,64609.6,64906.4,64470.9,64846.5,23917.0,239.17
29,2021-04-09 16:00:00,64712.9,64762.7,64195.7,64620.3,37093.0,370.93
30,2021-04-09 15:00:00,64915.4,64932.5,64516.8,64684.8,24645.0,246.45
31,2021-04-09 14:00:00,65072.3,65209.3,64521.7,64906.3,32624.0,326.24
32,2021-04-09 13:00:00,65101.9,65498.8,64915.4,65090.6,37264.0,372.64
33,2021-04-09 12:00:00,65225.3,65452.0,64934.7,65099.3,29642.0,296.42
34,2021-04-09 11:00:00,65284.1,65699.5,65083.0,65224.6,41051.0,410.51
35,2021-04-09 10:00:00,64197.8,65393.2,64141.8,65270.1,55135.0,551.35
36,2021-04-09 09:00:00,63966.1,64218.0,63941.4,64203.2,22704.0,227.04
37,2021-04-09 08:00:00,64337.1,64350.0,63910.1,63951.9,24994.0,249.94
38,2021-04-09 07:00:00,63985.5,64379.7,63787.3,64346.1,26972.0,269.72
39,2021-04-09 06:00:00,64151.4,64346.6,63944.3,63961.4,25935.0,259.35
40,2021-04-09 05:00:00,64521.9,64659.0,64134.5,64137.4,20973.0,209.73
41,2021-04-09 04:00:00,64265.6,64532.3,64248.7,64518.6,21963.0,219.63
42,2021-04-09 03:00:00,64105.9,64485.2,63993.6,64272.9,21734.0,217.34
43,2021-04-09 02:00:00,64147.3,64436.3,64049.2,64084.4,22217.0,222.17
44,2021-04-09 01:00:00,64615.6,64759.1,64110.0,64138.4,24844.0,248.44
45,2021-04-09 00:00:00,64371.5,64796.8,64304.9,64613.7,28447.0,284.47
46,2021-04-08 23:00:00,64165.2,64395.6,63968.3,64379.8,20728.0,207.28
47,2021-04-08 22:00:00,63848.5,64402.9,63693.4,64162.2,22349.0,223.49
48,2021-04-08 21:00:00,63804.5,63931.1,63518.2,63851.8,24385.0,243.85
49,2021-04-08 20:00:00,63878.6,63996.0,63690.8,63814.7,22956.0,229.56
50,2021-04-08 19:00:00,64140.2,64241.7,63739.8,63902.3,21029.0,210.29
51,2021-04-08 18:00:00,63929.4,64460.0,63820.9,64134.5,32192.0,321.92
52,2021-04-08 17:00:00,63863.9,63989.4,63630.6,63916.7,24202.0,242.02
53,2021-04-08 16:00:00,63934.7,64200.0,63768.2,63879.7,36390.0,363.9
54,2021-04-08 15:00:00,63843.3,64062.3,63669.4,63934.5,30158.0,301.58
55,2021-04-08 14:00:00,63374.4,64168.0,63284.2,63838.7,41970.0,419.7
56,2021-04-08 13:00:00,63543.4,63734.4,63220.4,63375.1,44340.0,443.4
57,2021-04-08 12:00:00,62072.2,63634.1,61946.1,63491.8,55917.0,559.17
58,2021-04-08 11:00:00,62554.7,62573.4,61956.2,62048.1,28556.0,285.56
59,2021-04-08 10:00:00,62525.5,62689.7,62222.1,62555.1,30200.0,302.0
60,2021-04-08 09:00:00,62753.6,62945.3,62402.4,62520.9,25103.0,251.03
61,2021-04-08 08:00:00,62908.0,63214.5,62606.1,62758.6,29302.0,293.02
62,2021-04-08 07:00:00,63054.5,63345.7,62847.1,62925.1,26985.0,269.85
63,2021-04-08 06:00:00,62695.4,63171.3,62661.0,63052.5,28706.0,287.06
64,2021-04-08 05:00:00,62828.8,62987.5,62605.6,62682.0,27042.0,270.42
65,2021-04-08 04:00:00,62225.2,62999.9,62140.9,62764.7,37041.0,370.41
66,2021-04-08 03:00:00,62189.1,62342.0,61826.0,62171.7,24252.0,242.52
67,2021-04-08 02:00:00,62274.5,62327.8,61879.9,62195.2,25444.0,254.44
68,2021-04-08 01:00:00,62136.2,62513.2,61921.1,62284.9,25214.0,252.14
69,2021-04-08 00:00:00,61585.7,62234.9,61288.0,62131.3,34392.0,343.92
70,2021-04-07 23:00:00,62142.3,62311.6,61450.1,61562.4,26583.0,265.83
71,2021-04-07 22:00:00,61740.1,62234.3,61661.0,62125.6,25596.0,255.96
72,2021-04-07 21:00:00,61772.6,61975.6,61577.5,61783.6,25197.0,251.97
73,2021-04-07 20:00:00,61716.4,61773.3,61141.9,61773.3,26245.0,262.45
74,2021-04-07 19:00:00,61524.8,61710.5,61023.8,61706.9,44811.0,448.11
75,2021-04-07 18:00:00,61666.3,62165.6,61437.4,61514.8,33442.0,334.42
76,2021-04-07 17:00:00,62237.7,62270.5,61555.0,61656.6,34081.0,340.81
77,2021-04-07 16:00:00,62059.7,62528.2,61784.3,62223.1,56460.0,564.6
78,2021-04-07 15:00:00,62248.6,62547.0,61852.4,62045.6,32635.0,326.35
79,2021-04-07 14:00:00,62365.0,62598.5,62172.2,62257.3,32204.0,322.04
80,2021-04-07 13:00:00,61977.0,62439.0,61850.9,62365.7,38461.0,384.61
81,2021-04-07 12:00:00,61927.0,62117.5,60940.1,61995.6,64980.0,649.8
82,2021-04-07 11:00:00,62458.9,62969.8,61222.1,61932.9,116018.0,1160.18
83,2021-04-07 10:00:00,63314.6,63523.9,62258.5,62491.1,50805.0,508.05
84,2021-04-07 09:00:00,63804.0,63896.0,62457.2,63311.1,89910.0,899.1
85,2021-04-07 08:00:00,63963.6,64107.6,63444.1,63788.3,38953.0,389.53
86,2021-04-07 07:00:00,64413.4,64422.7,63396.5,63970.5,50209.0,502.09
87,2021-04-07 06:00:00,64645.1,65136.2,64139.8,64383.6,59393.0,593.93
88,2021-04-07 05:00:00,63660.8,64665.9,63523.9,64645.1,37551.0,375.51
89,2021-04-07 04:00:00,64140.7,64214.0,63199.2,63654.0,34982.0,349.82
90,2021-04-07 03:00:00,63849.6,64369.8,63723.9,64142.2,27787.0,277.87
91,2021-04-07 02:00:00,63461.2,64015.1,63431.9,63851.3,22543.0,225.43
92,2021-04-07 01:00:00,63759.7,63759.7,63039.5,63458.4,40313.0,403.13
93,2021-04-07 00:00:00,64277.5,64534.0,63525.7,63752.4,35320.0,353.2
94,2021-04-06 23:00:00,64108.5,64467.3,64029.0,64279.7,20424.0,204.24
95,2021-04-06 22:00:00,64037.8,64296.1,63811.0,64114.0,23860.0,238.6
96,2021-04-06 21:00:00,64458.3,64463.2,63815.2,64043.6,26847.0,268.47
97,2021-04-06 20:00:00,64427.9,64514.6,64375.7,64456.6,21516.0,215.16
98,2021-04-06 19:00:00,64456.7,64466.1,64208.0,64435.0,25224.0,252.24
99,2021-04-06 18:00:00,64502.1,64510.5,64253.6,64460.1,26689.0,266.89
100,2021-04-06 17:00:00,64302.6,64529.5,64246.8,64484.3,25473.0,254.73
101,2021-04-06 16:00:00,64009.0,64457.9,63900.0,64313.1,34273.0,342.73
102,2021-04-06 15:00:00,64127.3,64256.0,63771.1,64025.6,32479.0,324.79
103,2021-04-06 14:00:00,65010.0,65010.0,63480.1,64135.7,90808.0,908.08
104,2021-04-06 13:00:00,65163.4,65392.0,64952.0,65012.1,29972.0,299.72
105,2021-04-06 12:00:00,65200.3,65917.3,65141.1,65164.7,38372.0,383.72
106,2021-04-06 11:00:00,65026.4,65260.8,65000.1,65191.1,30126.0,301.26
107,2021-04-06 10:00:00,65484.8,65587.3,65000.4,65015.3,33787.0,337.87
108,2021-04-06 09:00:00,65038.0,65571.3,64923.0,65486.1,17809.0,178.09
109,2021-04-06 08:00:00,65071.0,65591.6,64631.1,65045.4,60642.0,606.42
110,2021-04-06 07:00:00,65510.3,65614.1,64793.3,65073.9,32464.0,324.64
111,2021-04-06 06:00:00,65554.4,65663.2,65201.0,65517.1,24622.0,246.22
112,2021-04-06 05:00:00,65487.4,65794.0,65430.3,65550.4,19589.0,195.89
113,2021-04-06 04:00:00,65325.3,65664.7,65319.2,65477.6,22931.0,229.31
114,2021-04-06 03:00:00,65553.3,65759.0,65308.9,65319.8,18581.0,185.81
115,2021-04-06 02:00:00,65817.6,65902.7,65560.6,65560.9,24238.0,242.38
116,2021-04-06 01:00:00,66650.3,66836.5,65718.8,65840.1,35075.0,350.75
117,2021-04-06 00:00:00,66358.6,66812.5,66267.8,66649.3,41945.0,419.45
118,2021-04-05 23:00:00,66015.8,66352.6,65582.1,66344.4,24669.0,246.69
119,2021-04-05 22:00:00,65763.6,66114.9,65747.2,66015.3,23349.0,233.49
120,2021-04-05 21:00:00,65775.0,65949.4,65512.4,65760.9,27368.0,273.68
121,2021-04-05 20:00:00,66055.3,66168.8,65725.6,65759.2,26192.0,261.92
122,2021-04-05 19:00:00,65909.7,66189.2,65816.6,66048.2,23066.0,230.66
123,2021-04-05 18:00:00,65965.4,66040.2,65702.5,65889.8,23415.0,234.15
124,2021-04-05 17:00:00,66109.8,66196.3,65570.0,65965.4,32499.0,324.99
125,2021-04-05 16:00:00,66098.1,66439.1,65899.9,66082.8,46434.0,464.34
126,2021-04-05 15:00:00,66156.2,66398.5,65816.5,66089.5,56566.0,565.66
127,2021-04-05 14:00:00,64595.0,66231.7,64584.5,66156.2,68608.0,686.08
128,2021-04-05 13:00:00,64333.9,64631.2,64121.0,64593.9,32360.0,323.6
129,2021-04-05 12:00:00,64015.0,64593.1,63992.0,64334.0,39985.0,399.85
130,2021-04-05 11:00:00,63919.2,64015.0,63737.1,63996.6,27360.0,273.6
131,2021-04-05 10:00:00,63689.3,63986.2,63446.3,63902.7,26421.0,264.21
132,2021-04-05 09:00:00,63090.9,63707.6,62904.0,63691.2,30722.0,307.22
133,2021-04-05 08:00:00,63307.6,63398.7,62650.0,63106.6,29311.0,293.11
134,2021-04-05 07:00:00,63151.5,63442.9,62953.8,63309.6,27740.0,277.4
135,2021-04-05 06:00:00,62801.3,63368.4,62711.1,63169.8,31236.0,312.36
136,2021-04-05 05:00:00,63375.0,63490.6,62777.0,62863.9,34309.0,343.09
137,2021-04-05 04:00:00,63530.5,63772.0,63322.7,63375.9,25192.0,251.92
138,2021-04-05 03:00:00,63726.3,63852.4,63373.0,63526.9,25485.0,254.85
139,2021-04-05 02:00:00,63910.7,63957.9,63451.4,63725.2,33053.0,330.53
140,2021-04-05 01:00:00,64076.9,64095.4,63762.6,63909.5,30032.0,300.32
141,2021-04-05 00:00:00,64439.9,64627.5,64041.3,64071.7,31576.0,315.76
142,2021-04-04 23:00:00,64393.6,64607.2,64373.7,64439.7,19357.0,193.57
143,2021-04-04 22:00:00,64347.1,64503.5,64103.5,64384.2,19999.0,199.99
144,2021-04-04 21:00:00,64235.1,64481.4,64149.8,64348.6,20029.0,200.29
145,2021-04-04 20:00:00,64142.0,64278.6,63940.5,64232.5,19432.0,194.32
146,2021-04-04 19:00:00,64342.4,64414.7,63862.0,64158.7,23275.0,232.75
147,2021-04-04 18:00:00,64440.3,64514.6,64182.7,64341.2,19654.0,196.54
148,2021-04-04 17:00:00,64201.3,64523.7,64197.3,64406.3,19352.0,193.52
149,2021-04-04 16:00:00,64094.4,64289.6,63822.6,64189.9,29480.0,294.8
150,2021-04-04 15:00:00,64260.8,64844.3,63900.2,64078.5,44258.0,442.58
151,2021-04-04 14:00:00,64368.0,64546.1,64093.5,64250.1,27066.0,270.66
152,2021-04-04 13:00:00,63874.4,64374.5,63874.4,64329.7,28698.0,286.98
153,2021-04-04 12:00:00,63191.4,64117.7,62897.0,63861.4,31369.0,313.69
154,2021-04-04 11:00:00,63764.8,63787.9,63027.8,63176.4,24059.0,240.59
155,2021-04-04 10:00:00,63801.6,63921.5,63500.1,63713.9,24609.0,246.09
156,2021-04-04 09:00:00,63482.6,63869.8,63482.6,63797.8,22217.0,222.17
157,2021-04-04 08:00:00,63782.8,63870.5,63465.1,63488.5,22430.0,224.3
158,2021-04-04 07:00:00,63489.4,63797.1,63290.0,63797.1,23189.0,231.89
159,2021-04-04 06:00:00,63510.5,63625.4,63138.7,63496.1,21457.0,214.57
160,2021-04-04 05:00:00,63634.8,63737.3,63369.8,63516.3,21243.0,212.43
161,2021-04-04 04:00:00,63703.2,63888.0,63507.9,63632.1,25722.0,257.22
162,2021-04-04 03:00:00,63641.4,63800.0,63384.9,63703.1,28096.0,280.96
163,2021-04-04 02:00:00,63142.9,63712.1,63142.9,63648.9,30293.0,302.93
164,2021-04-04 01:00:00,62731.1,63344.9,62453.2,63157.4,50441.0,504.41
165,2021-04-04 00:00:00,63258.6,63425.0,62486.1,62739.1,58073.0,580.73
166,2021-04-03 23:00:00,63816.5,64131.9,63069.3,63271.4,44492.0,444.92
167,2021-04-03 22:00:00,63807.8,64062.2,63200.0,63819.2,47623.0,476.23
168,2021-04-03 21:00:00,64421.6,64725.3,63713.7,63834.5,49184.0,491.84
169,2021-04-03 20:00:00,65037.5,65037.5,64159.7,64449.0,37763.0,377.63
170,2021-04-03 19:00:00,64915.0,65323.7,64553.4,65032.1,35328.0,353.28
171,2021-04-03 18:00:00,64648.7,64945.8,64020.0,64939.8,72612.0,726.12
172,2021-04-03 17:00:00,65471.0,65504.3,64625.0,64705.7,65561.0,655.61
173,2021-04-03 16:00:00,65503.5,65945.2,65223.5,65471.3,46846.0,468.46
174,2021-04-03 15:00:00,66041.9,66181.0,65501.0,65529.1,33906.0,339.06
175,2021-04-03 14:00:00,66607.3,66677.9,66016.7,66049.0,26059.0,260.59
176,2021-04-03 13:00:00,66405.8,66728.3,66250.4,66596.6,23621.0,236.21
177,2021-04-03 12:00:00,66351.0,66539.9,66157.4,66395.5,24358.0,243.58
178,2021-04-03 11:00:00,66501.7,66614.6,66223.1,66364.5,20775.0,207.75
179,2021-04-03 10:00:00,66458.3,66997.6,66432.9,66510.4,34188.0,341.88
180,2021-04-03 09:00:00,65860.3,66463.5,65485.6,66431.5,28431.0,284.31
181,2021-04-03 08:00:00,66336.1,67000.1,65519.2,65822.5,53308.0,533.08
182,2021-04-03 07:00:00,66458.7,66536.4,66320.3,66327.2,24655.0,246.55
183,2021-04-03 06:00:00,66430.7,66544.0,66205.5,66483.3,27863.0,278.63
184,2021-04-03 05:00:00,66385.8,66600.0,66273.5,66408.0,25767.0,257.67
185,2021-04-03 04:00:00,65995.5,66399.5,65952.8,66350.0,23160.0,231.6
186,2021-04-03 03:00:00,66175.8,66233.9,65904.8,66008.0,20334.0,203.34
187,2021-04-03 02:00:00,66042.1,66184.6,65872.1,66184.6,25993.0,259.93
188,2021-04-03 01:00:00,66243.6,66243.6,65700.5,66040.2,27710.0,277.1
189,2021-04-03 00:00:00,65635.1,66286.2,65568.2,66238.7,34104.0,341.04
190,2021-04-02 23:00:00,65375.4,65913.3,65281.3,65622.0,25232.0,252.32
191,2021-04-02 22:00:00,65330.4,65498.7,65194.2,65375.4,20149.0,201.49
192,2021-04-02 21:00:00,65268.0,65487.6,64968.6,65304.2,24028.0,240.28
193,2021-04-02 20:00:00,65491.3,65613.2,65169.1,65284.7,23046.0,230.46
194,2021-04-02 19:00:00,65844.6,65844.6,65111.0,65496.6,41221.0,412.21
195,2021-04-02 18:00:00,65999.4,66149.7,65744.3,65844.7,19881.0,198.81
196,2021-04-02 17:00:00,66233.7,66264.8,65878.0,66023.0,24301.0,243.01
197,2021-04-02 16:00:00,66690.4,66801.8,66083.4,66235.5,30989.0,309.89
198,2021-04-02 15:00:00,66425.5,66775.9,66403.6,66687.6,32228.0,322.28
199,2021-04-02 14:00:00,66045.1,66488.2,65946.3,66411.1,33778.0,337.78
200,2021-04-02 13:00:00,66610.1,66624.8,65739.2,66048.0,26326.0,263.26
201,2021-04-02 12:00:00,66836.3,66912.9,66290.8,66613.3,24811.0,248.11
202,2021-04-02 11:00:00,67021.0,67079.5,66696.8,66832.4,19197.0,191.97
203,2021-04-02 10:00:00,67016.3,67100.1,66834.0,67012.2,21431.0,214.31
204,2021-04-02 09:00:00,66788.5,67107.3,66435.1,67018.8,22549.0,225.49
205,2021-04-02 08:00:00,66934.1,67167.1,66742.2,66791.6,22570.0,225.7
206,2021-04-02 07:00:00,67036.7,67283.4,66800.0,66800.0,23284.0,232.84
207,2021-04-02 06:00:00,67064.7,67189.1,66769.2,67041.6,24504.0,245.04
208,2021-04-02 05:00:00,67007.0,67172.0,66778.7,67041.4,24041.0,240.41
209,2021-04-02 04:00:00,67436.3,67569.5,66758.9,67006.1,29635.0,296.35
210,2021-04-02 03:00:00,67411.1,67809.6,67135.3,67425.8,39289.0,392.89
211,2021-04-02 02:00:00,65757.9,67943.4,65757.9,67412.0,122783.0,1227.83
212,2021-04-02 01:00:00,65363.7,65939.2,65345.4,65762.0,33535.0,335.35
213,2021-04-02 00:00:00,65533.4,65700.2,65122.7,65351.8,31707.0,317.07
214,2021-04-01 23:00:00,65791.3,65906.6,65479.7,65521.8,21658.0,216.58
215,2021-04-01 22:00:00,65372.2,65841.8,65213.0,65790.8,22143.0,221.43
216,2021-04-01 21:00:00,65555.2,65644.9,65132.3,65370.5,22552.0,225.52
217,2021-04-01 20:00:00,65614.1,65785.2,65368.4,65567.8,23906.0,239.06
218,2021-04-01 19:00:00,65276.1,65646.6,65122.3,65602.3,28022.0,280.22
219,2021-04-01 18:00:00,65109.3,65433.4,64276.7,65273.4,60325.0,603.25
220,2021-04-01 17:00:00,65481.1,65574.7,64909.5,65158.8,33040.0,330.4
221,2021-04-01 16:00:00,65789.5,66010.0,65340.2,65485.8,35092.0,350.92
222,2021-04-01 15:00:00,65814.6,66140.0,65699.6,65786.7,31006.0,310.06
223,2021-04-01 14:00:00,65799.0,65948.6,65603.8,65808.0,28705.0,287.05
224,2021-04-01 13:00:00,65510.7,66078.7,65492.6,65810.1,33202.0,332.02
225,2021-04-01 12:00:00,65319.1,65562.0,65086.9,65529.7,28571.0,285.71
226,2021-04-01 11:00:00,65306.3,65438.6,64658.9,65318.8,49808.0,498.08
227,2021-04-01 10:00:00,65609.2,65789.7,65088.0,65283.8,33274.0,332.74
228,2021-04-01 09:00:00,65531.2,66105.9,65465.7,65601.6,29224.0,292.24
229,2021-04-01 08:00:00,65497.8,66369.6,65235.5,65523.0,48071.0,480.71
230,2021-04-01 07:00:00,65334.1,65642.0,65026.0,65485.2,32264.0,322.64
231,2021-04-01 06:00:00,65337.0,65693.8,65266.0,65330.0,21611.0,216.11
232,2021-04-01 05:00:00,65515.1,65644.9,65208.4,65342.8,29378.0,293.78
233,2021-04-01 04:00:00,65933.4,66099.5,65212.2,65510.9,32922.0,329.22
234,2021-04-01 03:00:00,65918.5,65990.5,65686.4,65927.9,26121.0,261.21
235,2021-04-01 02:00:00,66101.9,66289.7,65880.5,65915.4,21884.0,218.84
236,2021-04-01 01:00:00,66094.4,66262.4,65785.1,66122.5,26297.0,262.97
237,2021-04-01 00:00:00,65469.8,66158.2,65441.4,66087.9,31452.0,314.52
238,2021-03-31 23:00:00,65242.1,65639.5,65166.4,65483.2,23921.0,239.21
239,2021-03-31 22:00:00,65666.2,65742.3,65181.8,65246.1,22716.0,227.16
240,2021-03-31 21:00:00,65535.3,66048.2,65312.3,65634.4,26349.0,263.49
241,2021-03-31 20:00:00,65063.8,65717.7,64846.3,65549.5,40862.0,408.62
242,2021-03-31 19:00:00,66068.6,66475.4,64942.1,65049.9,41945.0,419.45
243,2021-03-31 18:00:00,65921.1,66406.2,65866.9,66063.8,29509.0,295.09
244,2021-03-31 17:00:00,65607.4,65938.3,65433.0,65912.1,27300.0,273.0
245,2021-03-31 16:00:00,66046.9,66498.4,65369.0,65610.5,50441.0,504.41
246,2021-03-31 15:00:00,65039.8,66214.2,65035.9,65978.9,55324.0,553.24
247,2021-03-31 14:00:00,65000.0,65256.8,64754.1,65039.0,27387.0,273.87
248,2021-03-31 13:00:00,64473.2,65288.0,64323.2,64977.9,33842.0,338.42
249,2021-03-31 12:00:00,64341.5,64782.3,63972.4,64466.4,33972.0,339.72
250,2021-03-31 11:00:00,63935.7,64472.6,63850.4,64352.6,28698.0,286.98
251,2021-03-31 10:00:00,64318.7,64459.3,63440.3,63932.2,41541.0,415.41
252,2021-03-31 09:00:00,64343.6,64675.5,64012.9,64313.3,29955.0,299.55
253,2021-03-31 08:00:00,64868.6,64954.2,63129.1,64351.0,142420.0,1424.2
254,2021-03-31 07:00:00,66759.8,66924.2,63915.3,64857.8,107406.0,1074.06
255,2021-03-31 06:00:00,65245.2,66853.1,65197.9,66760.8,61926.0,619.26
256,2021-03-31 05:00:00,65233.4,65261.9,64983.5,65249.0,24094.0,240.94
257,2021-03-31 04:00:00,65146.8,65354.8,65000.0,65260.0,29896.0,298.96
258,2021-03-31 03:00:00,65248.0,65312.5,64839.5,65165.8,39412.0,394.12
259,2021-03-31 02:00:00,65684.2,65718.8,65248.0,65252.4,28935.0,289.35
260,2021-03-31 01:00:00,65831.9,65875.5,65627.0,65679.2,21939.0,219.39
261,2021-03-31 00:00:00,65415.4,65885.4,65324.6,65853.1,30489.0,304.89
262,2021-03-30 23:00:00,65348.2,65430.3,65143.2,65410.1,24218.0,242.18
263,2021-03-30 22:00:00,65366.0,65619.4,65248.2,65348.4,20740.0,207.4
264,2021-03-30 21:00:00,65209.5,65535.7,65098.1,65364.2,18299.0,182.99
265,2021-03-30 20:00:00,65770.1,65784.6,64840.1,65198.8,26169.0,261.69
266,2021-03-30 19:00:00,65397.3,65778.8,65231.5,65778.8,16012.0,160.12
267,2021-03-30 18:00:00,65256.6,65788.5,65243.0,65398.3,22947.0,229.47
268,2021-03-30 17:00:00,65361.7,65500.6,65198.6,65254.1,21195.0,211.95
269,2021-03-30 16:00:00,65101.7,65475.2,65015.7,65327.7,28121.0,281.21
270,2021-03-30 15:00:00,65385.6,65503.2,65020.5,65095.2,27589.0,275.89
271,2021-03-30 14:00:00,65570.6,65583.7,65168.1,65411.6,30609.0,306.09
272,2021-03-30 13:00:00,66046.5,66185.9,65416.1,65533.5,45044.0,450.44
273,2021-03-30 12:00:00,66095.4,66311.0,65930.1,66019.6,41408.0,414.08
274,2021-03-30 11:00:00,65610.2,66139.7,65608.2,66090.9,32713.0,327.13
275,2021-03-30 10:00:00,65540.6,66114.0,65397.6,65618.4,82214.0,822.14
276,2021-03-30 09:00:00,64187.7,65584.0,64086.3,65534.0,70705.0,707.05
277,2021-03-30 08:00:00,64437.8,64526.0,63973.5,64201.2,32955.0,329.55
278,2021-03-30 07:00:00,64386.2,64672.3,64226.5,64432.3,35157.0,351.57
279,2021-03-30 06:00:00,63882.7,64687.9,63695.0,64397.0,35324.0,353.24
280,2021-03-30 05:00:00,63782.1,63915.5,63550.8,63884.2,28096.0,280.96
281,2021-03-30 04:00:00,63316.4,64156.5,63191.8,63800.2,36862.0,368.62
282,2021-03-30 03:00:00,63420.0,63530.6,63218.9,63319.7,29810.0,298.1
283,2021-03-30 02:00:00,63508.4,63603.8,63241.0,63427.3,26225.0,262.25
284,2021-03-30 01:00:00,63659.8,63728.0,63354.9,63512.4,35831.0,358.31
285,2021-03-30 00:00:00,63772.3,63960.2,63492.5,63676.1,25968.0,259.68
286,2021-03-29 23:00:00,63876.4,63979.5,63362.1,63786.5,25800.0,258.0
287,2021-03-29 22:00:00,63635.6,64113.9,63551.8,63875.2,26892.0,268.92
288,2021-03-29 21:00:00,63296.2,63758.5,63226.8,63658.8,27714.0,277.14
289,2021-03-29 20:00:00,63654.5,63739.2,63109.9,63312.8,30153.0,301.53
290,2021-03-29 19:00:00,63826.3,63873.6,63382.0,63652.8,27814.0,278.14
291,2021-03-29 18:00:00,63959.9,64055.0,63518.4,63779.2,28212.0,282.12
292,2021-03-29 17:00:00,63609.5,64463.9,63574.9,63920.1,39972.0,399.72
293,2021-03-29 16:00:00,63745.6,63871.5,63120.6,63605.1,47550.0,475.5
294,2021-03-29 15:00:00,64172.5,64264.7,63236.7,63732.4,62073.0,620.73
295,2021-03-29 14:00:00,63970.7,64273.9,63842.8,64196.6,35915.0,359.15
296,2021-03-29 13:00:00,64272.4,64404.0,63928.7,63986.6,32780.0,327.8
297,2021-03-29 12:00:00,64091.2,64705.0,64023.5,64271.2,36996.0,369.96
298,2021-03-29 11:00:00,64333.5,64403.2,63855.3,64090.9,34548.0,345.48
299,2021-03-29 10:00:00,64134.9,64588.0,63922.9,64300.0,61021.0,610.21
300,2021-03-29 09:00:00,63180.0,64509.4,63054.3,64089.0,91551.0,915.51
301,2021-03-29 08:00:00,61556.5,63283.6,61553.7,63109.7,91420.0,914.2
302,2021-03-29 07:00:00,60549.0,61733.8,60520.7,61548.9,59668.0,596.68
303,2021-03-29 06:00:00,60213.8,60673.2,60188.2,60546.9,28912.0,289.12
304,2021-03-29 05:00:00,60473.3,60572.4,60079.4,60203.7,31905.0,319.05
305,2021-03-29 04:00:00,60576.7,60761.9,60243.3,60489.4,29694.0,296.94
306,2021-03-29 03:00:00,60595.1,60763.7,60488.6,60568.8,20400.0,204.0
307,2021-03-29 02:00:00,60443.3,60788.5,60342.9,60609.1,26778.0,267.78
308,2021-03-29 01:00:00,60642.5,60739.5,60139.2,60446.1,24147.0,241.47
309,2021-03-29 00:00:00,61109.8,61288.0,60520.9,60650.3,27932.0,279.32
310,2021-03-28 23:00:00,60952.0,61245.8,60811.1,61116.9,20696.0,206.96
311,2021-03-28 22:00:00,60479.1,61015.2,60246.4,60971.2,24640.0,246.4
312,2021-03-28 21:00:00,60144.5,60675.3,60081.9,60416.5,19511.0,195.11
313,2021-03-28 20:00:00,60454.5,60541.3,60023.8,60152.4,23920.0,239.2
314,2021-03-28 19:00:00,60601.0,60706.3,59975.5,60453.3,37136.0,371.36
315,2021-03-28 18:00:00,61456.0,61506.4,60551.4,60600.6,33264.0,332.64
316,2021-03-28 17:00:00,61808.7,61855.0,61305.0,61459.5,25715.0,257.15
317,2021-03-28 16:00:00,61906.2,62095.6,61517.6,61800.7,29428.0,294.28
318,2021-03-28 15:00:00,61310.0,61983.0,61101.5,61909.4,32118.0,321.18
319,2021-03-28 14:00:00,61213.8,61342.9,60925.4,61309.9,22685.0,226.85
320,2021-03-28 13:00:00,60865.6,61372.9,60865.6,61241.9,21462.0,214.62
321,2021-03-28 12:00:00,61243.3,61499.0,60665.2,60933.9,32695.0,326.95
322,2021-03-28 11:00:00,61573.0,61580.1,61237.8,61251.0,25482.0,254.82
323,2021-03-28 10:00:00,61583.8,61658.8,61103.6,61570.4,33711.0,337.11
324,2021-03-28 09:00:00,61921.9,62263.4,61467.2,61568.0,36902.0,369.02
325,2021-03-28 08:00:00,61725.5,61921.9,61514.4,61921.9,20860.0,208.6
326,2021-03-28 07:00:00,61401.8,61839.9,61347.6,61727.6,22911.0,229.11
327,2021-03-28 06:00:00,61792.5,61849.3,61309.9,61398.4,22709.0,227.09
328,2021-03-28 05:00:00,61849.3,62018.0,61607.4,61797.0,26037.0,260.37
329,2021-03-28 04:00:00,61470.3,62039.3,61470.3,61847.6,26815.0,268.15
330,2021-03-28 03:00:00,61167.9,61581.0,61092.4,61468.5,23802.0,238.02
331,2021-03-28 02:00:00,61336.8,61390.7,61032.6,61159.3,22207.0,222.07
332,2021-03-28 01:00:00,61332.3,61473.0,61042.0,61346.9,23552.0,235.52
333,2021-03-28 00:00:00,61244.5,61430.0,60828.6,61330.5,32648.0,326.48
334,2021-03-27 23:00:00,61810.6,61867.1,61138.3,61261.8,26673.0,266.73
335,2021-03-27 22:00:00,61888.4,61978.8,61485.7,61779.8,30141.0,301.41
336,2021-03-27 21:00:00,61116.5,62061.8,60910.8,61854.9,42589.0,425.89
337,2021-03-27 20:00:00,60937.1,61154.8,60828.5,61112.7,24469.0,244.69
338,2021-03-27 19:00:00,60911.8,61122.2,60772.5,60943.4,22493.0,224.93
339,2021-03-27 18:00:00,61381.1,61386.2,60734.5,60910.9,29818.0,298.18
340,2021-03-27 17:00:00,61453.7,61580.2,61117.4,61379.4,39962.0,399.62
341,2021-03-27 16:00:00,60038.3,61542.0,60038.3,61461.6,73332.0,733.32
342,2021-03-27 15:00:00,59656.8,60139.2,59509.0,60032.3,33863.0,338.63
343,2021-03-27 14:00:00,59736.2,59741.3,59400.4,59654.0,28232.0,282.32
344,2021-03-27 13:00:00,59185.8,59828.6,58923.4,59747.0,30852.0,308.52
345,2021-03-27 12:00:00,59396.3,59547.3,58829.1,59199.8,39773.0,397.73
346,2021-03-27 11:00:00,59616.4,59786.9,59271.1,59396.8,38147.0,381.47
347,2021-03-27 10:00:00,60046.7,60211.9,59605.6,59613.3,26225.0,262.25
348,2021-03-27 09:00:00,59821.4,60086.8,59667.1,60073.6,22706.0,227.06
349,2021-03-27 08:00:00,59802.3,60049.3,59509.1,59819.3,35260.0,352.6
350,2021-03-27 07:00:00,59845.4,59981.2,59559.3,59803.5,26049.0,260.49
351,2021-03-27 06:00:00,60049.4,60154.7,59809.2,59894.2,24865.0,248.65
352,2021-03-27 05:00:00,59799.7,60201.3,59479.0,60018.6,29497.0,294.97
353,2021-03-27 04:00:00,59580.1,60067.6,59450.5,59751.7,36566.0,365.66
354,2021-03-27 03:00:00,59551.5,59638.0,59299.9,59568.1,21323.0,213.23
355,2021-03-27 02:00:00,59468.9,59740.4,59316.9,59553.2,27296.0,272.96
356,2021-03-27 01:00:00,59504.8,59758.8,59335.4,59475.1,31330.0,313.3
357,2021-03-27 00:00:00,59771.6,60415.3,59476.1,59488.7,53806.0,538.06
358,2021-03-26 23:00:00,59008.4,59833.4,58940.8,59793.1,35291.0,352.91
359,2021-03-26 22:00:00,59290.7,59476.3,58952.0,59004.1,35768.0,357.68
360,2021-03-26 21:00:00,58633.5,59287.0,58633.5,59281.6,35230.0,352.3
361,2021-03-26 20:00:00,58480.7,59053.0,58458.8,58630.8,37894.0,378.94
362,2021-03-26 19:00:00,58344.6,58488.5,58182.1,58427.1,24796.0,247.96
363,2021-03-26 18:00:00,58457.1,58544.9,58054.3,58345.1,39690.0,396.9
364,2021-03-26 17:00:00,58481.7,58550.0,58170.0,58416.1,49293.0,492.93
365,2021-03-26 16:00:00,58034.8,58698.0,57560.2,58491.1,72292.0,722.92
366,2021-03-26 15:00:00,58191.1,58305.0,57911.5,58015.1,31065.0,310.65
367,2021-03-26 14:00:00,58077.9,58295.9,57850.0,58166.5,34414.0,344.14
368,2021-03-26 13:00:00,57775.7,58094.0,57462.5,58084.8,36609.0,366.09
369,2021-03-26 12:00:00,57459.0,58029.3,57243.7,57758.0,47578.0,475.78
370,2021-03-26 11:00:00,58106.6,58189.1,57306.8,57447.4,77725.0,777.25
371,2021-03-26 10:00:00,58114.9,58397.1,57959.1,58110.3,28085.0,280.85
372,2021-03-26 09:00:00,58070.0,58467.6,58021.9,58122.1,34918.0,349.18
373,2021-03-26 08:00:00,58444.0,58500.0,57800.0,58044.8,58156.0,581.56
374,2021-03-26 07:00:00,57558.9,58466.9,57351.3,58392.8,68659.0,686.59
375,2021-03-26 06:00:00,57843.8,57971.6,57465.3,57574.2,40687.0,406.87
376,2021-03-26 05:00:00,57708.8,58000.0,57476.1,57863.4,46024.0,460.24
377,2021-03-26 04:00:00,57225.4,57774.0,57006.6,57682.5,39765.0,397.65
378,2021-03-26 03:00:00,56426.6,57558.3,56426.6,57221.3,45542.0,455.42
379,2021-03-26 02:00:00,57024.7,57170.0,56245.7,56412.8,37372.0,373.72
380,2021-03-26 01:00:00,56814.2,57140.1,56700.4,57019.4,29564.0,295.64
381,2021-03-26 00:00:00,55908.1,57028.6,55787.2,56813.6,48953.0,489.53
382,2021-03-25 23:00:00,56312.3,56666.0,55778.6,55904.3,38569.0,385.69
383,2021-03-25 22:00:00,57125.9,57380.0,56186.1,56326.5,37342.0,373.42
384,2021-03-25 21:00:00,56615.1,57287.8,56589.5,57108.9,28555.0,285.55
385,2021-03-25 20:00:00,56937.5,57439.2,56430.0,56606.1,34253.0,342.53
386,2021-03-25 19:00:00,56918.0,57026.3,56300.0,56901.2,33763.0,337.63
387,2021-03-25 18:00:00,56383.1,57271.7,56220.9,56878.2,46847.0,468.47
388,2021-03-25 17:00:00,55884.0,56558.5,55675.3,56351.8,46559.0,465.59
389,2021-03-25 16:00:00,55350.4,56255.4,54906.1,55879.6,91651.0,916.51
390,2021-03-25 15:00:00,55741.5,55987.5,54943.5,55363.4,72602.0,726.02
391,2021-03-25 14:00:00,56053.0,56550.1,55447.3,55708.8,50818.0,508.18
392,2021-03-25 13:00:00,55351.2,56359.4,54679.5,56030.8,88044.0,880.44
393,2021-03-25 12:00:00,56642.5,56863.5,54704.0,55369.3,147069.0,1470.69
394,2021-03-25 11:00:00,57511.6,57774.3,56616.5,56671.9,44648.0,446.48
395,2021-03-25 10:00:00,57645.8,57782.1,57060.1,57540.9,34856.0,348.56
396,2021-03-25 09:00:00,57130.0,57700.0,56853.7,57627.8,31349.0,313.49
397,2021-03-25 08:00:00,56727.2,57343.8,56541.2,57141.5,40496.0,404.96
398,2021-03-25 07:00:00,57519.4,57653.9,56668.5,56715.2,37304.0,373.04
399,2021-03-25 06:00:00,57244.6,57868.2,57221.0,57498.1,45431.0,454.31
400,2021-03-25 05:00:00,56829.7,57488.4,56692.4,57260.8,44293.0,442.93
401,2021-03-25 04:00:00,56719.7,57147.5,56484.0,56815.0,31511.0,315.11
402,2021-03-25 03:00:00,56822.5,57232.4,56376.7,56722.3,35768.0,357.68
403,2021-03-25 02:00:00,56298.2,57180.0,55930.5,56814.3,70980.0,709.8
404,2021-03-25 01:00:00,57327.3,57452.3,56232.0,56304.1,61522.0,615.22
405,2021-03-25 00:00:00,56935.2,57554.4,56688.0,57316.4,57580.0,575.8
406,2021-03-24 23:00:00,57426.7,57788.0,56888.0,56932.7,58308.0,583.08
407,2021-03-24 22:00:00,58892.2,58892.2,56465.7,57437.5,181669.0,1816.69
408,2021-03-24 21:00:00,59228.5,59444.6,58694.7,58905.9,40640.0,406.4
409,2021-03-24 20:00:00,60236.4,60236.4,58368.4,59239.6,92074.0,920.74
410,2021-03-24 19:00:00,60975.3,61186.3,60209.2,60256.0,43237.0,432.37
411,2021-03-24 18:00:00,61867.4,62139.6,60931.8,60931.8,34663.0,346.63
412,2021-03-24 17:00:00,61537.6,62190.8,61300.0,61875.7,38230.0,382.3
413,2021-03-24 16:00:00,62127.4,62232.4,61532.5,61551.1,36780.0,367.8
414,2021-03-24 15:00:00,62407.5,62529.7,61773.6,62106.1,41536.0,415.36
415,2021-03-24 14:00:00,62646.4,62853.2,62326.7,62410.6,31839.0,318.39
416,2021-03-24 13:00:00,62945.0,63174.5,62238.0,62657.1,45898.0,458.98
417,2021-03-24 12:00:00,62355.9,63024.0,62355.9,62883.8,51618.0,516.18
418,2021-03-24 11:00:00,62277.1,62444.3,62004.4,62355.9,27902.0,279.02
419,2021-03-24 10:00:00,62249.2,62388.2,61800.0,62244.3,43231.0,432.31
420,2021-03-24 09:00:00,62180.1,62577.4,62159.2,62257.0,53063.0,530.63
421,2021-03-24 08:00:00,61181.1,62216.2,61143.0,62155.8,67625.0,676.25
422,2021-03-24 07:00:00,60206.7,61350.1,60170.0,61204.1,75677.0,756.77
423,2021-03-24 06:00:00,59483.8,60663.2,58978.2,60222.9,60534.0,605.34
424,2021-03-24 05:00:00,59502.9,59713.9,59087.1,59492.2,36543.0,365.43
425,2021-03-24 04:00:00,59775.5,60056.5,59348.9,59492.5,27337.0,273.37
426,2021-03-24 03:00:00,59890.8,60283.6,59441.3,59758.3,29130.0,291.3
427,2021-03-24 02:00:00,59845.9,60113.9,59737.8,59900.3,27175.0,271.75
428,2021-03-24 01:00:00,58863.0,59948.6,58687.0,59837.4,35523.0,355.23
429,2021-03-24 00:00:00,59583.1,59927.0,58779.5,58876.7,51755.0,517.55
430,2021-03-23 23:00:00,59541.1,60068.2,59504.9,59605.3,22766.0,227.66
431,2021-03-23 22:00:00,59836.0,60126.1,59512.9,59528.1,25167.0,251.67
432,2021-03-23 21:00:00,59632.4,59975.8,59327.8,59842.9,25811.0,258.11
433,2021-03-23 20:00:00,60174.3,60246.3,59450.0,59612.6,33306.0,333.06
434,2021-03-23 19:00:00,60640.7,60830.9,60030.0,60192.8,29092.0,290.92
435,2021-03-23 18:00:00,60976.4,61162.5,60620.5,60632.5,27027.0,270.27
436,2021-03-23 17:00:00,60807.7,61087.2,60651.7,60988.3,28658.0,286.58
437,2021-03-23 16:00:00,60239.2,60994.6,59913.1,60805.9,48369.0,483.69
438,2021-03-23 15:00:00,60269.9,60486.0,60020.5,60250.2,26720.0,267.2
439,2021-03-23 14:00:00,60364.8,60476.3,59760.0,60252.9,32780.0,327.8
440,2021-03-23 13:00:00,60282.9,60589.4,60139.7,60344.8,38455.0,384.55
441,2021-03-23 12:00:00,59194.2,60386.1,59190.9,60230.6,43674.0,436.74
442,2021-03-23 11:00:00,59695.6,59843.1,59039.4,59182.1,30555.0,305.55
443,2021-03-23 10:00:00,59595.1,59837.9,59421.3,59658.6,30059.0,300.59
444,2021-03-23 09:00:00,59309.8,59741.2,59166.2,59593.9,26348.0,263.48
445,2021-03-23 08:00:00,59162.4,59563.5,58812.4,59305.0,37793.0,377.93
446,2021-03-23 07:00:00,58183.9,59256.9,58183.9,59191.5,39597.0,395.97
447,2021-03-23 06:00:00,58402.9,58759.0,57723.1,58170.4,52032.0,520.32
448,2021-03-23 05:00:00,59468.0,59533.8,58048.1,58441.5,81403.0,814.03
449,2021-03-23 04:00:00,59888.8,60000.7,59133.3,59493.9,33315.0,333.15
450,2021-03-23 03:00:00,59727.6,59955.9,59509.5,59875.8,26549.0,265.49
451,2021-03-23 02:00:00,60339.8,60343.3,59596.4,59733.9,33264.0,332.64
452,2021-03-23 01:00:00,59874.5,60596.8,59708.6,60309.7,37159.0,371.59
453,2021-03-23 00:00:00,59217.1,59987.0,58841.7,59907.9,42618.0,426.18
454,2021-03-22 23:00:00,59740.0,60063.2,59173.8,59191.5,40596.0,405.96
455,2021-03-22 22:00:00,59738.5,59789.6,58639.8,59762.0,66878.0,668.78
456,2021-03-22 21:00:00,59790.4,60233.3,59500.0,59760.0,39450.0,394.5
457,2021-03-22 20:00:00,60859.2,61500.9,59306.9,59814.7,105291.0,1052.91
458,2021-03-22 19:00:00,62093.7,62157.3,60833.0,60880.0,51672.0,516.72
459,2021-03-22 18:00:00,62827.9,63075.2,61926.0,62082.8,39818.0,398.18
460,2021-03-22 17:00:00,62440.3,62999.6,62184.1,62828.8,24253.0,242.53
461,2021-03-22 16:00:00,62780.7,62913.9,61724.3,62462.1,41889.0,418.89
462,2021-03-22 15:00:00,62737.1,62960.3,62569.5,62787.3,23542.0,235.42
463,2021-03-22 14:00:00,62766.5,63131.1,62529.8,62730.3,31267.0,312.67
464,2021-03-22 13:00:00,63162.8,63334.2,62312.1,62789.4,44265.0,442.65
465,2021-03-22 12:00:00,63869.2,63922.5,62700.1,63158.6,42833.0,428.33
466,2021-03-22 11:00:00,64185.1,64482.5,63732.3,63872.7,25593.0,255.93
467,2021-03-22 10:00:00,63395.4,64795.2,63322.8,64206.6,60233.0,602.33
468,2021-03-22 09:00:00,63161.3,63443.1,62990.5,63401.4,24141.0,241.41
469,2021-03-22 08:00:00,63580.5,63782.1,63044.9,63148.6,30398.0,303.98
470,2021-03-22 07:00:00,63703.2,63928.4,63493.4,63588.6,26300.0,263.0
471,2021-03-22 06:00:00,63586.2,63958.7,63586.2,63700.0,22650.0,226.5
472,2021-03-22 05:00:00,63620.7,63823.6,63251.5,63579.5,26029.0,260.29
473,2021-03-22 04:00:00,63666.1,63965.4,63526.3,63620.8,28290.0,282.9
474,2021-03-22 03:00:00,62878.4,63790.5,62849.2,63665.7,30961.0,309.61
475,2021-03-22 02:00:00,62495.1,62953.4,62250.9,62844.6,24574.0,245.74
476,2021-03-22 01:00:00,62491.5,62670.5,62165.1,62470.8,28857.0,288.57
477,2021-03-22 00:00:00,63349.0,63501.9,62281.0,62481.4,37178.0,371.78
478,2021-03-21 23:00:00,63517.8,63741.2,63045.4,63335.2,25972.0,259.72
479,2021-03-21 22:00:00,63918.4,64144.0,63470.6,63532.0,24415.0,244.15
480,2021-03-21 21:00:00,63634.1,63965.5,63309.1,63917.5,22958.0,229.58
481,2021-03-21 20:00:00,63433.9,63871.9,63424.6,63630.1,26498.0,264.98
482,2021-03-21 19:00:00,63247.1,63539.4,63227.0,63395.7,23198.0,231.98
483,2021-03-21 18:00:00,63124.3,63366.0,63027.5,63234.3,20419.0,204.19
484,2021-03-21 17:00:00,63126.9,63216.3,62822.3,63104.3,21539.0,215.39
485,2021-03-21 16:00:00,63033.4,63411.8,62600.1,63141.4,35706.0,357.06
486,2021-03-21 15:00:00,62986.3,63479.5,62844.1,63048.2,32533.0,325.33
487,2021-03-21 14:00:00,62947.8,63250.0,62929.6,63003.0,22653.0,226.53
488,2021-03-21 13:00:00,61986.7,63254.6,61984.6,62938.0,49539.0,495.39
489,2021-03-21 12:00:00,62045.7,62121.8,61591.8,61952.7,25323.0,253.23
490,2021-03-21 11:00:00,61874.5,62170.5,61503.4,62078.0,28455.0,284.55
491,2021-03-21 10:00:00,61637.1,62137.5,61261.3,61873.5,39741.0,397.41
492,2021-03-21 09:00:00,63208.0,63359.2,61101.0,61705.8,96068.0,960.68
493,2021-03-21 08:00:00,62951.7,63405.4,62853.3,63225.2,28797.0,287.97
494,2021-03-21 07:00:00,63114.2,63421.5,62830.4,62988.0,21185.0,211.85
495,2021-03-21 06:00:00,63169.0,63486.8,62592.5,63112.8,37451.0,374.51
496,2021-03-21 05:00:00,62775.5,63227.7,62754.3,63158.8,34726.0,347.26
497,2021-03-21 04:00:00,63977.9,64010.0,62645.9,62856.4,56305.0,563.05
498,2021-03-21 03:00:00,63899.5,64049.2,63689.0,63976.8,31961.0,319.61
499,2021-03-21 02:00:00,64705.9,64705.9,63754.5,63899.5,46342.0,463.42
500,2021-03-21 01:00:00,64998.4,65130.9,64632.8,64709.9,19071.0,190.71
501,2021-03-21 00:00:00,64824.8,65345.7,64443.3,65013.2,34844.0,348.44
502,2021-03-20 23:00:00,65345.1,65345.1,64714.2,64861.4,33229.0,332.29
503,2021-03-20 22:00:00,65545.5,65665.4,65154.6,65336.3,20459.0,204.59
504,2021-03-20 21:00:00,65390.5,65632.2,65160.0,65565.3,18732.0,187.32
505,2021-03-20 20:00:00,66520.4,66650.6,64931.6,65374.0,62291.0,622.91
506,2021-03-20 19:00:00,66305.1,66654.2,66219.3,66505.7,19224.0,192.24
507,2021-03-20 18:00:00,66305.7,66649.9,66195.1,66291.3,29986.0,299.86
508,2021-03-20 17:00:00,66245.8,66489.9,66145.6,66310.5,26225.0,262.25
509,2021-03-20 16:00:00,66538.0,66649.0,66055.3,66228.1,33734.0,337.34
510,2021-03-20 15:00:00,66631.2,67080.1,66265.6,66517.2,46772.0,467.72
511,2021-03-20 14:00:00,66135.4,66645.7,65818.8,66615.5,40658.0,406.58
512,2021-03-20 13:00:00,65987.9,67277.4,65759.9,66169.7,99694.0,996.94
513,2021-03-20 12:00:00,66000.8,66187.1,65450.9,66017.9,39233.0,392.33
514,2021-03-20 11:00:00,65136.8,66019.6,65044.6,65996.1,43488.0,434.88
515,2021-03-20 10:00:00,65257.8,65405.2,65012.8,65161.8,20724.0,207.24
516,2021-03-20 09:00:00,65138.3,65401.8,64980.5,65247.5,23842.0,238.42
517,2021-03-20 08:00:00,64763.8,65345.1,64763.8,65144.8,43602.0,436.02
518,2021-03-20 07:00:00,64622.6,64849.2,64510.0,64759.7,25659.0,256.59
519,2021-03-20 06:00:00,64466.8,64740.0,64216.7,64616.7,20480.0,204.8
520,2021-03-20 05:00:00,64505.6,64759.8,64309.5,64458.7,18306.0,183.06
521,2021-03-20 04:00:00,64723.7,65045.8,64457.2,64526.2,23570.0,235.7
522,2021-03-20 03:00:00,64815.7,64922.6,64455.0,64729.6,21937.0,219.37
523,2021-03-20 02:00:00,65012.4,65252.1,64642.8,64824.3,21798.0,217.98
524,2021-03-20 01:00:00,64887.1,65182.0,64696.0,65038.0,21826.0,218.26
525,2021-03-20 00:00:00,64203.3,64958.0,63916.4,64914.0,37942.0,379.42
526,2021-03-19 23:00:00,64867.4,64943.9,64169.8,64205.9,25404.0,254.04
527,2021-03-19 22:00:00,65013.2,65025.0,64621.2,64868.6,18706.0,187.06
528,2021-03-19 21:00:00,64692.7,65168.4,64604.7,65049.6,17646.0,176.46
529,2021-03-19 20:00:00,65371.9,66094.1,64432.4,64689.1,54556.0,545.56
530,2021-03-19 19:00:00,65266.5,65565.5,65130.7,65405.2,24068.0,240.68
531,2021-03-19 18:00:00,65323.9,65459.4,64725.9,65257.2,24590.0,245.9
532,2021-03-19 17:00:00,65282.4,65439.5,65019.1,65322.8,19037.0,190.37
533,2021-03-19 16:00:00,65361.7,65616.5,64971.2,65264.8,30930.0,309.3
534,2021-03-19 15:00:00,65039.9,65548.7,64753.9,65332.3,37265.0,372.65
535,2021-03-19 14:00:00,64411.1,65060.1,63987.2,65025.6,36757.0,367.57
536,2021-03-19 13:00:00,65178.8,65202.0,64177.6,64411.9,43498.0,434.98
537,2021-03-19 12:00:00,65139.2,65602.8,65002.3,65175.0,38949.0,389.49
538,2021-03-19 11:00:00,64772.0,65168.1,64585.7,65082.1,29211.0,292.11
539,2021-03-19 10:00:00,64359.4,64900.9,64132.1,64753.9,23079.0,230.79
540,2021-03-19 09:00:00,64347.3,65062.8,64203.0,64351.5,34723.0,347.23
541,2021-03-19 08:00:00,63791.3,64838.9,63331.8,64323.5,44734.0,447.34
542,2021-03-19 07:00:00,64069.7,64349.3,63668.1,63668.1,23650.0,236.5
543,2021-03-19 06:00:00,64368.6,64565.7,63925.8,64075.7,26311.0,263.11
544,2021-03-19 05:00:00,63832.7,64404.0,63465.1,64351.4,31810.0,318.1
545,2021-03-19 04:00:00,63735.1,64346.8,63539.9,63845.1,31294.0,312.94
546,2021-03-19 03:00:00,63103.2,63854.6,63064.0,63717.0,27606.0,276.06
547,2021-03-19 02:00:00,63125.9,63640.3,62941.4,63118.1,27082.0,270.82
548,2021-03-19 01:00:00,62462.6,63172.0,62198.0,63124.8,41305.0,413.05
549,2021-03-19 00:00:00,63439.8,63525.6,61772.5,62476.0,88656.0,886.56
550,2021-03-18 23:00:00,63411.9,63884.2,63100.0,63403.0,29761.0,297.61
551,2021-03-18 22:00:00,63761.0,64040.6,63327.3,63384.1,26474.0,264.74
552,2021-03-18 21:00:00,63435.5,63908.2,63332.2,63747.3,24925.0,249.25
553,2021-03-18 20:00:00,63208.7,63876.0,62867.1,63437.7,37897.0,378.97
554,2021-03-18 19:00:00,64321.9,64554.8,63092.9,63191.8,59152.0,591.52
555,2021-03-18 18:00:00,65626.9,65665.9,64079.4,64329.8,51372.0,513.72
556,2021-03-18 17:00:00,65290.8,65811.1,65290.8,65607.5,30436.0,304.36
557,2021-03-18 16:00:00,65928.2,66665.9,65276.9,65336.8,100152.0,1001.52
558,2021-03-18 15:00:00,63926.0,66100.1,63737.7,65929.1,91881.0,918.81
559,2021-03-18 14:00:00,63862.5,64126.6,63501.6,63939.4,36829.0,368.29
560,2021-03-18 13:00:00,64124.5,64288.8,63838.4,63883.8,25983.0,259.83
561,2021-03-18 12:00:00,64210.9,64231.5,63598.8,64149.3,40249.0,402.49
562,2021-03-18 11:00:00,64698.8,64751.3,63903.1,64236.7,30767.0,307.67
563,2021-03-18 10:00:00,64597.9,64862.0,64389.1,64697.9,26138.0,261.38
564,2021-03-18 09:00:00,64056.6,64717.5,63978.5,64584.2,19888.0,198.88
565,2021-03-18 08:00:00,64456.3,64651.4,63953.1,64046.4,31887.0,318.87
566,2021-03-18 07:00:00,65229.9,65237.9,64288.8,64467.5,37764.0,377.64
567,2021-03-18 06:00:00,65235.8,65420.0,64905.2,65230.9,30632.0,306.32
568,2021-03-18 05:00:00,65081.8,65521.4,64870.6,65223.9,26793.0,267.93
569,2021-03-18 04:00:00,64994.1,65564.1,64921.1,65046.3,26306.0,263.06
570,2021-03-18 03:00:00,65205.3,65261.9,64821.3,64989.3,27892.0,278.92
571,2021-03-18 02:00:00,65241.9,65605.6,65132.4,65209.0,33629.0,336.29
572,2021-03-18 01:00:00,65148.4,65569.4,64878.1,65242.9,27677.0,276.77
573,2021-03-18 00:00:00,65025.7,65823.1,64894.7,65150.6,59411.0,594.11
574,2021-03-17 23:00:00,64262.0,65134.3,64260.9,65011.9,40284.0,402.84
575,2021-03-17 22:00:00,64388.2,64984.2,64211.9,64248.5,46730.0,467.3
576,2021-03-17 21:00:00,63637.0,64791.8,63500.5,64403.8,39877.0,398.77
577,2021-03-17 20:00:00,63775.2,64262.4,63610.4,63610.4,37065.0,370.65
578,2021-03-17 19:00:00,63462.5,64063.3,63157.6,63750.0,63115.0,631.15
579,2021-03-17 18:00:00,61055.7,63475.0,61055.7,63444.0,84456.0,844.56
580,2021-03-17 17:00:00,60724.8,61195.3,60568.0,61051.7,21777.0,217.77
581,2021-03-17 16:00:00,60299.2,61085.5,60091.2,60725.3,38218.0,382.18
582,2021-03-17 15:00:00,59904.1,60697.6,59591.4,60293.8,48735.0,487.35
583,2021-03-17 14:00:00,60615.4,60648.8,59900.0,59900.0,32839.0,328.39
584,2021-03-17 13:00:00,60587.8,60934.9,60080.0,60611.6,40150.0,401.5
585,2021-03-17 12:00:00,60270.2,60866.7,59392.9,60582.1,60978.0,609.78
586,2021-03-17 11:00:00,60414.8,60700.7,59977.0,60276.3,28829.0,288.29
587,2021-03-17 10:00:00,60133.7,60621.9,59944.6,60434.2,27294.0,272.94
588,2021-03-17 09:00:00,61335.1,61466.4,59692.0,60137.8,54320.0,543.2
589,2021-03-17 08:00:00,61404.2,61675.7,61141.7,61346.3,25846.0,258.46
590,2021-03-17 07:00:00,61960.4,61960.4,61295.1,61406.6,32210.0,322.1
591,2021-03-17 06:00:00,61510.0,61984.4,61384.4,61922.0,28729.0,287.29
592,2021-03-17 05:00:00,60932.7,61527.3,60500.0,61509.9,29349.0,293.49
593,2021-03-17 04:00:00,60824.0,61241.7,60733.1,60931.0,22389.0,223.89
594,2021-03-17 03:00:00,61102.0,61523.5,60732.9,60846.3,26487.0,264.87
595,2021-03-17 02:00:00,61728.1,61728.1,60912.3,61127.7,30937.0,309.37
596,2021-03-17 01:00:00,62053.2,62053.8,61516.0,61724.8,27867.0,278.67
597,2021-03-17 00:00:00,62580.5,62867.8,61763.9,62048.5,37049.0,370.49
598,2021-03-16 23:00:00,61798.6,62600.6,61566.8,62576.5,22343.0,223.43
599,2021-03-16 22:00:00,62064.0,62440.6,61780.0,61795.6,27338.0,273.38
600,2021-03-16 21:00:00,61998.3,62213.7,61734.3,62077.1,25579.0,255.79
601,2021-03-16 20:00:00,61287.8,62107.9,61238.5,62017.7,37097.0,370.97
602,2021-03-16 19:00:00,60940.7,61417.6,60696.9,61304.6,22461.0,224.61
603,2021-03-16 18:00:00,60763.6,61249.9,60574.8,60919.0,29171.0,291.71
604,2021-03-16 17:00:00,61225.8,61444.2,60428.2,60753.5,39733.0,397.33
605,2021-03-16 16:00:00,61512.6,61748.9,60968.1,61238.1,36996.0,369.96
606,2021-03-16 15:00:00,61231.8,61574.9,61023.2,61529.9,38850.0,388.5
607,2021-03-16 14:00:00,60901.5,61375.6,60754.5,61259.3,30977.0,309.77
608,2021-03-16 13:00:00,60548.6,61522.0,60475.0,60895.8,38912.0,389.12
609,2021-03-16 12:00:00,60973.7,61167.7,60007.9,60566.6,41980.0,419.8
610,2021-03-16 11:00:00,61391.3,61515.1,60574.3,60976.2,37904.0,379.04
611,2021-03-16 10:00:00,61466.5,61704.5,60912.2,61421.6,32829.0,328.29
612,2021-03-16 09:00:00,61513.7,62092.9,61296.2,61436.1,45883.0,458.83
613,2021-03-16 08:00:00,61004.4,61852.5,60847.7,61564.7,55165.0,551.65
614,2021-03-16 07:00:00,60866.1,61278.9,60448.3,60984.9,47873.0,478.73
615,2021-03-16 06:00:00,59614.9,61096.0,59043.6,60881.6,63698.0,636.98
616,2021-03-16 05:00:00,59889.7,59941.0,58949.9,59613.7,42674.0,426.74
617,2021-03-16 04:00:00,59779.6,60296.3,59673.7,59871.7,31597.0,315.97
618,2021-03-16 03:00:00,60066.8,60113.0,59222.2,59773.1,44160.0,441.6
619,2021-03-16 02:00:00,60009.2,60256.7,59596.1,60064.1,39887.0,398.87
620,2021-03-16 01:00:00,59370.2,60116.0,58513.9,59989.2,107869.0,1078.69
621,2021-03-16 00:00:00,61108.9,61684.8,59100.0,59371.4,114286.0,1142.86
622,2021-03-15 23:00:00,61685.4,62397.4,61037.0,61120.0,36983.0,369.83
623,2021-03-15 22:00:00,62355.6,62599.4,61520.1,61685.4,24909.0,249.09
624,2021-03-15 21:00:00,61958.7,62615.7,61909.9,62381.1,24707.0,247.07
625,2021-03-15 20:00:00,62182.5,62616.0,61777.4,61994.7,31190.0,311.9
626,2021-03-15 19:00:00,61676.8,62242.0,61676.8,62181.5,23315.0,233.15
627,2021-03-15 18:00:00,61619.1,62029.8,61336.3,61680.6,28332.0,283.32
628,2021-03-15 17:00:00,61869.9,61959.4,61000.0,61634.9,40938.0,409.38
629,2021-03-15 16:00:00,61862.1,62438.0,61236.0,61869.9,55909.0,559.09
630,2021-03-15 15:00:00,61790.9,62479.4,61462.0,61801.6,42064.0,420.64
631,2021-03-15 14:00:00,62525.5,63000.0,61768.0,61768.0,59914.0,599.14
632,2021-03-15 13:00:00,62235.7,62730.8,62068.5,62534.0,58299.0,582.99
633,2021-03-15 12:00:00,61867.4,62313.6,60741.7,62281.4,77914.0,779.14
634,2021-03-15 11:00:00,62193.1,62366.0,61650.4,61901.4,52827.0,528.27
635,2021-03-15 10:00:00,61774.8,62313.4,61478.6,62204.8,69510.0,695.1
636,2021-03-15 09:00:00,64391.7,64734.5,60132.2,61755.9,273718.0,2737.18
637,2021-03-15 08:00:00,64504.8,65078.4,64130.0,64443.3,63299.0,632.99
638,2021-03-15 07:00:00,65863.2,65889.7,63706.4,64502.7,124096.0,1240.96
639,2021-03-15 06:00:00,66318.6,66690.4,65546.3,65904.9,66809.0,668.09
640,2021-03-15 05:00:00,67325.3,67425.3,66297.1,66314.4,44069.0,440.69
641,2021-03-15 04:00:00,68147.5,68507.5,67178.8,67305.1,38008.0,380.08
642,2021-03-15 03:00:00,67732.6,68342.9,67732.4,68139.1,22513.0,225.13
643,2021-03-15 02:00:00,67651.3,68040.6,67651.3,67714.2,23735.0,237.35
644,2021-03-15 01:00:00,66840.6,67885.4,66604.1,67655.2,36974.0,369.74
645,2021-03-15 00:00:00,66104.0,67328.6,65841.4,66888.9,55890.0,558.9
646,2021-03-14 23:00:00,67807.4,68453.2,66107.5,66107.5,56429.0,564.29
647,2021-03-14 22:00:00,67724.1,67996.7,67289.7,67809.6,20773.0,207.73
648,2021-03-14 21:00:00,68031.8,68300.4,67486.4,67767.6,25262.0,252.62
649,2021-03-14 20:00:00,67574.2,68103.2,67325.2,68020.7,24380.0,243.8
650,2021-03-14 19:00:00,67890.2,67973.9,67424.9,67582.3,19566.0,195.66
651,2021-03-14 18:00:00,67344.0,68142.8,67344.0,67916.4,21924.0,219.24
652,2021-03-14 17:00:00,67195.3,67763.8,67154.7,67358.2,21495.0,214.95
653,2021-03-14 16:00:00,67324.4,67788.3,66821.7,67201.7,37645.0,376.45
654,2021-03-14 15:00:00,67683.7,67930.6,67086.7,67301.8,30949.0,309.49
655,2021-03-14 14:00:00,67468.8,68350.0,67414.3,67692.6,22726.0,227.26
656,2021-03-14 13:00:00,68063.2,68192.7,67220.1,67495.0,28343.0,283.43
657,2021-03-14 12:00:00,67750.1,68117.6,67553.0,68048.5,25833.0,258.33
658,2021-03-14 11:00:00,67795.1,67975.8,66783.1,67753.9,69120.0,691.2
659,2021-03-14 10:00:00,68786.7,68848.3,67598.0,67818.5,36638.0,366.38
660,2021-03-14 09:00:00,68689.5,69157.0,68538.5,68796.4,24354.0,243.54
661,2021-03-14 08:00:00,68278.5,68861.4,67880.0,68694.6,36713.0,367.13
662,2021-03-14 07:00:00,68902.2,68902.2,68218.4,68295.6,26424.0,264.24
663,2021-03-14 06:00:00,68921.3,68941.9,68403.0,68917.2,32281.0,322.81
664,2021-03-14 05:00:00,69086.1,69226.4,68808.7,68937.3,25599.0,255.99
665,2021-03-14 04:00:00,69144.2,69406.9,68816.2,69078.7,25298.0,252.98
666,2021-03-14 03:00:00,68692.0,69288.4,68501.8,69140.0,24495.0,244.95
667,2021-03-14 02:00:00,68604.9,68792.7,68285.5,68692.5,21038.0,210.38
668,2021-03-14 01:00:00,69018.6,69018.6,68251.1,68604.0,29838.0,298.38
669,2021-03-14 00:00:00,69058.3,69561.0,68693.4,69023.0,29345.0,293.45
670,2021-03-13 23:00:00,68767.0,69331.7,68723.8,69044.0,30465.0,304.65
671,2021-03-13 22:00:00,68852.0,69049.5,68357.6,68735.3,25233.0,252.33
672,2021-03-13 21:00:00,69366.8,69461.0,68086.7,68800.7,37504.0,375.04
673,2021-03-13 20:00:00,68528.1,69636.5,68421.8,69361.2,52917.0,529.17
674,2021-03-13 19:00:00,67844.3,68723.2,67599.6,68529.4,35690.0,356.9
675,2021-03-13 18:00:00,67822.3,67960.3,67404.5,67808.5,26615.0,266.15
676,2021-03-13 17:00:00,67144.6,67967.9,67008.3,67810.7,37316.0,373.16
677,2021-03-13 16:00:00,67101.0,67338.1,66775.3,67136.4,38151.0,381.51
678,2021-03-13 15:00:00,67009.1,67431.1,66848.5,67069.1,28548.0,285.48
679,2021-03-13 14:00:00,67194.9,67260.2,66840.8,67013.6,28654.0,286.54
680,2021-03-13 13:00:00,67092.0,67437.5,66746.6,67167.3,40088.0,400.88
681,2021-03-13 12:00:00,66962.3,68092.2,66121.0,67102.6,69120.0,691.2
682,2021-03-13 11:00:00,66660.4,67409.9,66625.3,66965.7,92298.0,922.98
683,2021-03-13 10:00:00,63769.4,66933.3,63592.8,66661.0,173263.0,1732.63
684,2021-03-13 09:00:00,63455.3,63791.6,63216.7,63778.4,28366.0,283.66
685,2021-03-13 08:00:00,63363.4,63754.9,63098.7,63463.5,51143.0,511.43
686,2021-03-13 07:00:00,62811.2,63413.7,62586.9,63359.3,32819.0,328.19
687,2021-03-13 06:00:00,62608.5,62963.6,62324.4,62796.9,23992.0,239.92
688,2021-03-13 05:00:00,62725.0,63008.3,62449.4,62603.5,20853.0,208.53
689,2021-03-13 04:00:00,62450.2,62748.5,61952.7,62720.0,23235.0,232.35
690,2021-03-13 03:00:00,62227.0,62547.1,62003.4,62448.8,23519.0,235.19
691,2021-03-13 02:00:00,62096.3,62401.3,61714.3,62211.3,27596.0,275.96
692,2021-03-13 01:00:00,62447.1,62450.1,61784.9,62085.1,29702.0,297.02
693,2021-03-13 00:00:00,63143.7,63177.6,62016.8,62451.0,31495.0,314.95
694,2021-03-12 23:00:00,63013.2,63443.7,62984.8,63117.8,24940.0,249.4
695,2021-03-12 22:00:00,62765.6,63348.8,62648.2,63009.8,25922.0,259.22
696,2021-03-12 21:00:00,62435.5,63040.5,61944.2,62745.7,32141.0,321.41
697,2021-03-12 20:00:00,62804.1,63050.5,62161.8,62420.9,36674.0,366.74
698,2021-03-12 19:00:00,63277.3,63479.5,62610.6,62792.7,40605.0,406.05
699,2021-03-12 18:00:00,63048.6,63589.7,62938.3,63274.3,38153.0,381.53
700,2021-03-12 17:00:00,63360.6,63771.0,62961.6,63048.5,41672.0,416.72
701,2021-03-12 16:00:00,62748.8,63591.5,62748.8,63314.4,69818.0,698.18
702,2021-03-12 15:00:00,61735.5,62920.6,61542.8,62736.8,66951.0,669.51
703,2021-03-12 14:00:00,61238.1,61770.9,60799.7,61742.5,52980.0,529.8
704,2021-03-12 13:00:00,62111.4,62111.4,60295.1,61238.9,137505.0,1375.05
705,2021-03-12 12:00:00,62346.2,62717.5,61802.3,62101.3,44732.0,447.32
706,2021-03-12 11:00:00,62591.4,63112.2,62151.6,62335.8,36382.0,363.82
707,2021-03-12 10:00:00,62655.9,62893.5,61877.1,62603.1,59808.0,598.08
708,2021-03-12 09:00:00,63140.5,63290.7,62508.6,62706.6,35666.0,356.66
709,2021-03-12 08:00:00,56710.0,63681.8,56710.0,63135.0,38309.0,383.09
